id,item_search,title,condition,domain,price,original_price,date_created,date_updated,quantity,link,status
MLA918072516,Google Home,Google Nest Mini Nest Mini 2nd Gen Con Asistente Virtual Google Assistant Chalk 110v/220v,new,MLA-SMART_SPEAKERS,61740.5,64990.0,2021-04-26T19:22:18.000Z,2024-04-25T19:04:58.000Z,1935,https://articulo.mercadolibre.com.ar/MLA-918072516-google-nest-mini-nest-mini-2nd-gen-con-asistente-virtual-google-assistant-chalk-110v220v-_JM,active
MLA1146279904,Google Home,Google Home Mini Con Asistente Virtual Google Assistant Coral 110v/220v,new,MLA-SMART_SPEAKERS,67190.0,99990.0,2022-07-09T21:58:24.000Z,2024-04-25T17:29:52.569Z,1271,https://articulo.mercadolibre.com.ar/MLA-1146279904-google-home-mini-con-asistente-virtual-google-assistant-coral-110v220v-_JM,active
MLA1376911913,Google Home,Google Home Mini Con Asistente Virtual Google Assistant Chalk 110v/220v,new,MLA-SMART_SPEAKERS,128999.0,,2023-07-12T23:49:14.000Z,2024-04-17T17:40:46.000Z,20,https://articulo.mercadolibre.com.ar/MLA-1376911913-google-home-mini-con-asistente-virtual-google-assistant-chalk-110v220v-_JM,active
MLA1389173603,Google Home,"Google Nest Hub Con Asistente Virtual Google Assistant, Pantalla Integrada De 7  Charcoal 110v/220v",new,MLA-SMART_SPEAKERS,184992.6,249990.0,2023-09-21T19:15:25.000Z,2024-04-21T02:48:59.188Z,1002,https://articulo.mercadolibre.com.ar/MLA-1389173603-google-nest-hub-con-asistente-virtual-google-assistant-pantalla-integrada-de-7-charcoal-110v220v-_JM,active
MLA1384134643,Google Home,Google Home Mini Versión Bulk/ Sin Caja/ Cargador Original!,new,MLA-SMART_SPEAKERS,58588.0,,2023-08-21T14:52:21.000Z,2024-04-22T00:07:12.000Z,46,https://articulo.mercadolibre.com.ar/MLA-1384134643-google-home-mini-version-bulk-sin-caja-cargador-original-_JM,active
MLA1392974207,Google Home,Google Home Mini Con Asistente Virtual Google Assistant Charcoal 110v/220v,new,MLA-SMART_SPEAKERS,89662.0,,2023-10-20T21:14:47.000Z,2024-04-16T17:42:14.000Z,10,https://articulo.mercadolibre.com.ar/MLA-1392974207-google-home-mini-con-asistente-virtual-google-assistant-charcoal-110v220v-_JM,active
MLA873351413,Google Home,Google Home Mini Asistente Virtual Bulk - Sin Caja - Envío ,new,MLA-SMART_SPEAKERS,56994.0,,2020-08-14T17:08:20.000Z,2024-04-20T17:15:27.000Z,40,https://articulo.mercadolibre.com.ar/MLA-873351413-google-home-mini-asistente-virtual-bulk-sin-caja-envio-_JM,active
MLA1597470910,Google Home,Google Home Mini Con Google Assistant Negro Reacondicionado,new,MLA-SMART_SPEAKERS,45724.88,49999.0,2023-12-13T16:08:36.234Z,2024-04-22T16:12:12.946Z,999,https://articulo.mercadolibre.com.ar/MLA-1597470910-google-home-mini-con-google-assistant-negro-reacondicionado-_JM,active
MLA873646326,Google Home,Google Home Mini Asistente Virtual Bulk - Sin Caja - Oferta!,new,MLA-SMART_SPEAKERS,58585.0,,2020-08-16T15:04:33.000Z,2024-04-12T18:46:29.223Z,28,https://articulo.mercadolibre.com.ar/MLA-873646326-google-home-mini-asistente-virtual-bulk-sin-caja-oferta-_JM,active
MLA1398793543,Google Home,Google Home Mini Con Asistente Virtual Google Assistant Ref,new,MLA-SMART_SPEAKERS,51213.5,55990.0,2023-12-12T20:12:50.000Z,2024-04-15T05:58:02.000Z,999,https://articulo.mercadolibre.com.ar/MLA-1398793543-google-home-mini-con-asistente-virtual-google-assistant-ref-_JM,active
MLA1597574484,Google Home,Parlante Google Home Mini Asistente Virtual Refabricado,new,MLA-SMART_SPEAKERS,45724.88,49999.0,2023-12-13T16:08:37.000Z,2024-04-17T20:35:36.000Z,1002,https://articulo.mercadolibre.com.ar/MLA-1597574484-parlante-google-home-mini-asistente-virtual-refabricado-_JM,active
MLA1125935779,Google Home,Google Home Mini + Chromecast 2nd Generation Netflix Spotify,new,MLA-SMART_SPEAKERS,101190.8,109990.0,2022-03-04T15:56:55.000Z,2024-04-18T11:16:46.000Z,1047,https://articulo.mercadolibre.com.ar/MLA-1125935779-google-home-mini-chromecast-2nd-generation-netflix-spotify-_JM,active
MLA930506223,Google Home,Soporte Montaje Embutido Pared Google Home Hub Mountgenie,new,MLA-SMART_SPEAKERS,17000.0,,2021-07-22T21:07:44.000Z,2024-04-07T17:15:50.000Z,43,https://articulo.mercadolibre.com.ar/MLA-930506223-soporte-montaje-embutido-pared-google-home-hub-mountgenie-_JM,active
MLA873351456,Google Home,Google Home Mini Asistente - Bulk - Sin Caja - Fuente 220v ,new,MLA-SMART_SPEAKERS,58587.0,,2020-08-14T17:09:40.000Z,2024-04-24T13:56:36.000Z,45,https://articulo.mercadolibre.com.ar/MLA-873351456-google-home-mini-asistente-bulk-sin-caja-fuente-220v-_JM,active
MLA1597457958,Google Home,Google Home Mini Con Asistente Virtual  Charcoal Refabricado,new,MLA-SMART_SPEAKERS,49999.0,,2023-12-13T16:08:39.257Z,2024-03-31T03:54:54.500Z,999,https://articulo.mercadolibre.com.ar/MLA-1597457958-google-home-mini-con-asistente-virtual-charcoal-refabricado-_JM,active
MLA1392445767,Google Home,Google Home Mini Asistente Virtual Bulk Sin Caja Original +,new,MLA-SMART_SPEAKERS,88499.0,,2023-10-16T15:35:31.000Z,2024-04-02T19:50:20.000Z,4,https://articulo.mercadolibre.com.ar/MLA-1392445767-google-home-mini-asistente-virtual-bulk-sin-caja-original--_JM,active
MLA1597677282,Google Home,Parlante Google Home Mini Asistente Virtual Wifi Refabricado,new,MLA-SMART_SPEAKERS,63926.14,69990.0,2023-12-13T16:12:34.000Z,2024-04-15T05:42:24.000Z,999,https://articulo.mercadolibre.com.ar/MLA-1597677282-parlante-google-home-mini-asistente-virtual-wifi-refabricado-_JM,active
MLA1392498187,Google Home,Google Home Mini Asistente Virtual Bulk Bolsa Nuevo Gtia +,new,MLA-SMART_SPEAKERS,88499.0,,2023-10-16T15:42:31.000Z,2024-03-26T19:47:14.000Z,4,https://articulo.mercadolibre.com.ar/MLA-1392498187-google-home-mini-asistente-virtual-bulk-bolsa-nuevo-gtia--_JM,active
MLA1110314122,Google Home,Soporte Pared 45º Google Home Hub Base 138x60mm Nextsale,new,MLA-SMART_SPEAKERS,8455.0,8900.0,2021-10-29T17:38:53.000Z,2024-04-17T14:53:16.000Z,25999,https://articulo.mercadolibre.com.ar/MLA-1110314122-soporte-pared-45-google-home-hub-base-138x60mm-nextsale-_JM,active
MLA1110377590,Google Home,Soporte De Pared Google Mini Home / Nest Mini 2da Generacion,new,MLA-SMART_SPEAKERS,8455.0,8900.0,2021-10-29T17:34:14.000Z,2024-04-17T14:53:20.000Z,39007,https://articulo.mercadolibre.com.ar/MLA-1110377590-soporte-de-pared-google-mini-home-nest-mini-2da-generacion-_JM,active
MLA1125948601,Google Home,Combo Google Home Mini + Chromecast 2 Ga00379-us,new,MLA-SMART_SPEAKERS,98792.4,129990.0,2022-03-04T15:41:56.000Z,2024-04-15T03:49:38.000Z,1133,https://articulo.mercadolibre.com.ar/MLA-1125948601-combo-google-home-mini-chromecast-2-ga00379-us-_JM,active
MLA1398845475,Google Home,Google Home Mini Google Assistant Chalk  9 W Ref,new,MLA-SMART_SPEAKERS,68390.5,71990.0,2023-12-12T20:15:44.000Z,2024-04-15T05:55:49.000Z,999,https://articulo.mercadolibre.com.ar/MLA-1398845475-google-home-mini-google-assistant-chalk-9-w-ref-_JM,active
MLA934111387,Google Home,"Google Nest Hub Con Asistente Virtual Google Assistant, Pantalla Integrada De 7  Chalk 110v/220v",new,MLA-SMART_SPEAKERS,201590.0,369990.0,2021-08-12T21:07:18.000Z,2024-04-25T03:23:33.663Z,199,https://articulo.mercadolibre.com.ar/MLA-934111387-google-nest-hub-con-asistente-virtual-google-assistant-pantalla-integrada-de-7-chalk-110v220v-_JM,active
MLA1398845395,Google Home,Google Home Mini Con Asistente Virtual Chalk 110v/220v Ref,new,MLA-SMART_SPEAKERS,53190.5,55990.0,2023-12-12T20:12:54.000Z,2024-04-15T04:01:10.000Z,999,https://articulo.mercadolibre.com.ar/MLA-1398845395-google-home-mini-con-asistente-virtual-chalk-110v220v-ref-_JM,active
MLA1597677284,Google Home,Parlante Google Home Mini Google Assistant Wifi Refabricado,new,MLA-SMART_SPEAKERS,64007.05,69990.0,2023-12-13T16:12:38.000Z,2024-04-15T06:50:55.000Z,999,https://articulo.mercadolibre.com.ar/MLA-1597677284-parlante-google-home-mini-google-assistant-wifi-refabricado-_JM,active
MLA1392446181,Google Home,Google Home Mini Asistente Virtual Bulk Sin Caja C/ Cargador,new,MLA-SMART_SPEAKERS,58999.0,,2023-10-16T15:40:46.000Z,2024-03-21T21:20:46.000Z,4,https://articulo.mercadolibre.com.ar/MLA-1392446181-google-home-mini-asistente-virtual-bulk-sin-caja-c-cargador-_JM,active
MLA856426768,Google Home,Google Home Hub Parlante Asistente Virtual Smart Premium,new,MLA-SMART_SPEAKERS,439990.0,,2020-05-19T14:10:36.000Z,2024-03-22T09:05:27.000Z,1003,https://articulo.mercadolibre.com.ar/MLA-856426768-google-home-hub-parlante-asistente-virtual-smart-premium-_JM,active
MLA856427510,Google Home,Asistente Virtual Google Home Hub Parlante Voice Match Cuota,new,MLA-SMART_SPEAKERS,439990.0,,2020-05-19T14:21:18.000Z,2024-03-22T08:44:34.000Z,999,https://articulo.mercadolibre.com.ar/MLA-856427510-asistente-virtual-google-home-hub-parlante-voice-match-cuota-_JM,active
MLA1400506527,Google Home,Google Home Mini Multi-room Google Assistant Refabricado,new,MLA-SMART_SPEAKERS,84990.0,,2023-12-28T18:38:49.000Z,2024-02-01T07:20:07.000Z,3,https://articulo.mercadolibre.com.ar/MLA-1400506527-google-home-mini-multi-room-google-assistant-refabricado-_JM,active
MLA1400076445,Google Home,Google Nest Mini/2da Gen/version Brasil,new,MLA-SMART_SPEAKERS,75999.0,,2023-12-25T16:07:39.721Z,2024-04-19T11:03:14.845Z,1,https://articulo.mercadolibre.com.ar/MLA-1400076445-google-nest-mini2da-genversion-brasil-_JM,active
MLA1154268993,Google Home,Combo Google Home Mini + Chromecast 2 Asistente Virtuales,new,MLA-SMART_SPEAKERS,123490.5,129990.0,2022-08-18T15:51:02.000Z,2024-04-15T04:11:31.000Z,1002,https://articulo.mercadolibre.com.ar/MLA-1154268993-combo-google-home-mini-chromecast-2-asistente-virtuales-_JM,active
MLA1400539531,Google Home,Google Home Mini Asistente Virtual Google Assistant Ref,new,MLA-SMART_SPEAKERS,64990.0,,2023-12-28T18:36:01.000Z,2024-01-16T05:34:03.000Z,3,https://articulo.mercadolibre.com.ar/MLA-1400539531-google-home-mini-asistente-virtual-google-assistant-ref-_JM,active
MLA873352268,Google Home,Google Home Mini /bulk - Sin Caja + Cuot.s S/ Inter.s ,new,MLA-SMART_SPEAKERS,85998.0,,2020-08-14T17:10:37.000Z,2024-04-12T18:43:47.000Z,20,https://articulo.mercadolibre.com.ar/MLA-873352268-google-home-mini-bulk-sin-caja-cuots-s-inters-_JM,active
MLA856423988,Google Home,Asistente Virtual Google Home Hub Smart Pantalla 7 Wifi Bt ,new,MLA-SMART_SPEAKERS,246992.4,324990.0,2020-05-19T14:00:23.000Z,2024-04-19T11:36:34.405Z,1009,https://articulo.mercadolibre.com.ar/MLA-856423988-asistente-virtual-google-home-hub-smart-pantalla-7-wifi-bt-_JM,active
MLA1398832615,Google Home,Google Home Mini Con Asistente Virtual Bluetooth Ref,new,MLA-SMART_SPEAKERS,65754.72,65754.72,2023-12-12T20:15:46.000Z,2024-04-15T06:53:36.000Z,999,https://articulo.mercadolibre.com.ar/MLA-1398832615-google-home-mini-con-asistente-virtual-bluetooth-ref-_JM,active
MLA1149361692,Google Home,Asistente Google Nest Hub Pantalla Smart Tactil 7´´ ,new,MLA-SMART_SPEAKERS,319990.0,,2022-08-02T18:22:11.000Z,2024-04-24T14:30:09.352Z,24,https://articulo.mercadolibre.com.ar/MLA-1149361692-asistente-google-nest-hub-pantalla-smart-tactil-7-_JM,active
MLA856428537,Google Home,Asistente Virtual Google Home Hub Pantalla 7 Smart Nest Wifi,new,MLA-SMART_SPEAKERS,324990.0,,2020-05-19T14:17:50.000Z,2024-03-19T16:03:14.409Z,1057,https://articulo.mercadolibre.com.ar/MLA-856428537-asistente-virtual-google-home-hub-pantalla-7-smart-nest-wifi-_JM,active
MLA1597677286,Google Home,Speaker Google Home Mini Con Asistente Virtual  Refabricado,new,MLA-SMART_SPEAKERS,64007.05,64007.05,2023-12-13T16:12:42.000Z,2024-04-15T06:47:45.000Z,999,https://articulo.mercadolibre.com.ar/MLA-1597677286-speaker-google-home-mini-con-asistente-virtual-refabricado-_JM,active
MLA873350814,Google Home,Google Home Mini Asistente Virtual Bulk - Sin Caja / Cuot.s!,new,MLA-SMART_SPEAKERS,85997.0,,2020-08-14T17:15:17.000Z,2024-04-12T18:43:46.385Z,20,https://articulo.mercadolibre.com.ar/MLA-873350814-google-home-mini-asistente-virtual-bulk-sin-caja-cuots-_JM,active
MLA1683844410,Google Home,Google Home Max Con Asistente Virtual Google Assistant Charcoal 100v/240v,new,MLA-SMART_SPEAKERS,671724.0,,2024-02-27T17:04:42.000Z,2024-02-28T21:28:46.000Z,1,https://articulo.mercadolibre.com.ar/MLA-1683844410-google-home-max-con-asistente-virtual-google-assistant-charcoal-100v240v-_JM,active
MLA1401436623,Google Home,Asistente De Google Nest Mini Gray,new,MLA-SMART_SPEAKERS,283080.0,,2024-01-05T21:37:30.000Z,2024-04-19T12:11:43.000Z,1,https://articulo.mercadolibre.com.ar/MLA-1401436623-asistente-de-google-nest-mini-gray-_JM,active
MLA912014012,Google Home,Soporte De Pared Google Mini Home / Nest Mini 2da Generacion,new,MLA-SMART_SPEAKERS,3999.0,,2021-03-15T22:57:54.000Z,2024-04-10T14:37:35.000Z,65,https://articulo.mercadolibre.com.ar/MLA-912014012-soporte-de-pared-google-mini-home-nest-mini-2da-generacion-_JM,active
MLA833417329,Google Home,Google Home Mini Asistente Virtual Parlante Original Español,new,MLA-SMART_SPEAKERS,97200.77,106300.0,2020-01-07T22:11:34.000Z,2024-04-15T04:02:40.000Z,1,https://articulo.mercadolibre.com.ar/MLA-833417329-google-home-mini-asistente-virtual-parlante-original-espanol-_JM,active
MLA1683844336,Google Home,Google Home Max Con Asistente Virtual Google Assistant Chalk 100v/240v,new,MLA-SMART_SPEAKERS,671724.0,,2024-02-27T17:01:37.000Z,2024-02-27T17:08:44.000Z,1,https://articulo.mercadolibre.com.ar/MLA-1683844336-google-home-max-con-asistente-virtual-google-assistant-chalk-100v240v-_JM,active
MLA857710195,Google Home,Soporte De Pared A 45º Google Home Hub - Base 138x60mm,new,MLA-SMART_SPEAKERS,7999.0,,2020-05-24T22:32:06.000Z,2024-04-09T14:41:48.000Z,8,https://articulo.mercadolibre.com.ar/MLA-857710195-soporte-de-pared-a-45-google-home-hub-base-138x60mm-_JM,active
MLA857704576,Google Home,Soporte De Pared Google Home Hub Max - Base 198x84mm,new,MLA-SMART_SPEAKERS,4999.0,,2020-05-24T21:55:28.000Z,2024-03-21T19:52:17.000Z,2,https://articulo.mercadolibre.com.ar/MLA-857704576-soporte-de-pared-google-home-hub-max-base-198x84mm-_JM,active
MLA1412976451,Google Home,Google Home Hub Control Por Voz Pantalla Hd 7  Blanco/gris,new,MLA-SMART_SPEAKERS,256490.5,269990.0,2024-03-05T17:27:15.000Z,2024-04-15T13:18:14.000Z,1,https://articulo.mercadolibre.com.ar/MLA-1412976451-google-home-hub-control-por-voz-pantalla-hd-7-blancogris-_JM,active
MLA1693634994,Google Home,Google Home Hub Pantalla Hd 7  Wi-fi Bluetooth Sensor De Luz,new,MLA-SMART_SPEAKERS,273312.71,339990.0,2024-03-05T17:45:47.000Z,2024-04-15T13:19:12.000Z,1,https://articulo.mercadolibre.com.ar/MLA-1693634994-google-home-hub-pantalla-hd-7-wi-fi-bluetooth-sensor-de-luz-_JM,active
MLA873351615,Google Home,Google Home Mini Asistente Virtual Bulk - Sin Caja - Cuot.s,new,MLA-SMART_SPEAKERS,85995.0,,2020-08-14T17:14:13.000Z,2024-04-12T18:43:48.000Z,20,https://articulo.mercadolibre.com.ar/MLA-873351615-google-home-mini-asistente-virtual-bulk-sin-caja-cuots-_JM,active
MLA1423370987,Google Home,Google Home Mini C/ Asistente Virtual Assistant En Caja,used,MLA-SMART_SPEAKERS,45100.0,,2024-04-25T14:37:21.000Z,2024-04-25T15:34:54.523Z,1,https://articulo.mercadolibre.com.ar/MLA-1423370987-google-home-mini-c-asistente-virtual-assistant-en-caja-_JM,active
MLA1154176154,Apple TV, Apple Tv Hd A1625 De Voz 4.ª Generación 2015 Full Hd 32gb Negro Con 2gb De Memoria Ram,new,MLA-STREAMING_MEDIA_DEVICES,167990.0,219990.0,2022-08-17T19:41:31.000Z,2024-04-25T12:15:43.000Z,41,https://articulo.mercadolibre.com.ar/MLA-1154176154-apple-tv-hd-a1625-de-voz-4-generacion-2015-full-hd-32gb-negro-con-2gb-de-memoria-ram-_JM,active
MLA1264249048,Apple TV, Apple Tv 4k A2169 De Voz 2.ª Generación 2021 4k 32gb Negro,new,MLA-STREAMING_MEDIA_DEVICES,329999.0,,2022-11-29T20:07:58.000Z,2024-04-18T20:50:29.000Z,6,https://articulo.mercadolibre.com.ar/MLA-1264249048-apple-tv-4k-a2169-de-voz-2-generacion-2021-4k-32gb-negro-_JM,active
MLA1113585170,Apple TV,Apple Tv 4k 64gb Negro 1.ª Generación 2017,new,MLA-STREAMING_MEDIA_DEVICES,187190.0,269990.0,2021-11-24T16:13:15.000Z,2024-04-25T03:10:36.982Z,1008,https://articulo.mercadolibre.com.ar/MLA-1113585170-apple-tv-4k-64gb-negro-1-generacion-2017-_JM,active
MLA1732589556,Apple TV, Apple Tv 4k (wifi + Ethernet) A2843 De Voz 3.ª Generación 2022 4k 128gb Negro,new,MLA-STREAMING_MEDIA_DEVICES,549000.0,,2024-04-08T04:04:48.000Z,2024-04-19T21:01:05.800Z,1,https://articulo.mercadolibre.com.ar/MLA-1732589556-apple-tv-4k-wifi-ethernet-a2843-de-voz-3-generacion-2022-4k-128gb-negro-_JM,active
MLA1420959285,Apple TV,Apple Tv 4k 32gb Negro 1.ª Generación 2017,new,MLA-STREAMING_MEDIA_DEVICES,219990.0,,2024-04-11T15:57:34.000Z,2024-04-15T17:36:48.000Z,999,https://articulo.mercadolibre.com.ar/MLA-1420959285-apple-tv-4k-32gb-negro-1-generacion-2017-_JM,active
MLA1264223887,Apple TV, Apple Tv 4k A2169 De Voz 2.ª Generación 2021 4k 64gb Negro,new,MLA-STREAMING_MEDIA_DEVICES,369999.0,,2022-11-29T20:19:53.000Z,2024-04-18T20:45:19.000Z,6,https://articulo.mercadolibre.com.ar/MLA-1264223887-apple-tv-4k-a2169-de-voz-2-generacion-2021-4k-64gb-negro-_JM,active
MLA1732679658,Apple TV, Apple Tv 4k (wifi) A2737 3.ª Generación 2022 4k 64gb Color Negro Tipo De Control Remoto Control De Voz,new,MLA-STREAMING_MEDIA_DEVICES,495000.0,,2024-04-08T04:08:16.000Z,2024-04-24T12:16:30.000Z,1,https://articulo.mercadolibre.com.ar/MLA-1732679658-apple-tv-4k-wifi-a2737-3-generacion-2022-4k-64gb-color-negro-tipo-de-control-remoto-control-de-voz-_JM,active
MLA1106952603,Apple TV,Apple Tv 4k 32gb 5th Generation Netflix Disney+ Prime Video,new,MLA-STREAMING_MEDIA_DEVICES,237508.99,259990.0,2021-10-06T17:39:57.000Z,2024-04-17T15:26:37.000Z,70,https://articulo.mercadolibre.com.ar/MLA-1106952603-apple-tv-4k-32gb-5th-generation-netflix-disney-prime-video-_JM,active
MLA1113738548,Apple TV,Apple Tv 4k 64gb 5th Generation Con Chip A10x Fusion,new,MLA-STREAMING_MEDIA_DEVICES,314990.0,,2021-11-25T13:53:58.000Z,2024-04-25T21:47:01.000Z,1027,https://articulo.mercadolibre.com.ar/MLA-1113738548-apple-tv-4k-64gb-5th-generation-con-chip-a10x-fusion-_JM,active
MLA1106939558,Apple TV,Convertidor A Smart Tv Apple Tv 4k 32gb Mqd22ll/a,new,MLA-STREAMING_MEDIA_DEVICES,278791.8,339990.0,2021-10-06T17:39:55.000Z,2024-04-18T17:54:10.000Z,22,https://articulo.mercadolibre.com.ar/MLA-1106939558-convertidor-a-smart-tv-apple-tv-4k-32gb-mqd22lla-_JM,active
MLA1416062157,Apple TV,Streaming Apple Tv 4k 32gb 4th Gen A10x Fusion Chip,new,MLA-STREAMING_MEDIA_DEVICES,259990.0,,2024-03-19T19:53:52.000Z,2024-04-17T00:19:21.000Z,999,https://articulo.mercadolibre.com.ar/MLA-1416062157-streaming-apple-tv-4k-32gb-4th-gen-a10x-fusion-chip-_JM,active
MLA1141318811,Apple TV,Convertidor A Smart Tv Apple Tv Resolucion 4k 32gb ,new,MLA-STREAMING_MEDIA_DEVICES,259990.0,,2022-06-07T19:27:21.000Z,2024-04-17T14:42:33.174Z,5,https://articulo.mercadolibre.com.ar/MLA-1141318811-convertidor-a-smart-tv-apple-tv-resolucion-4k-32gb-_JM,active
MLA906173046,Apple TV,Apple Tv 4k 32gb Mqd22ll/a New 4k _ap,new,MLA-STREAMING_MEDIA_DEVICES,249600.0,,2021-01-28T19:44:00.000Z,2024-03-28T01:34:17.000Z,3,https://articulo.mercadolibre.com.ar/MLA-906173046-apple-tv-4k-32gb-mqd22lla-new-4k-ap-_JM,active
MLA1308281824,Apple TV, Apple Tv 4k   2.ª Generación 2021 4k 32gb Negro,new,MLA-STREAMING_MEDIA_DEVICES,509999.0,,2023-01-11T14:46:30.000Z,2024-04-23T15:15:49.457Z,2,https://articulo.mercadolibre.com.ar/MLA-1308281824-apple-tv-4k-2-generacion-2021-4k-32gb-negro-_JM,active
MLA1499376460,Apple TV,"Apple Tv 4k Mxh02ll/a 64gb Chip A12 Bionic Ethernet Wifi Y Bluetooth , Control Por Voz Siri Remote",new,MLA-STREAMING_MEDIA_DEVICES,300000.0,,2023-09-07T12:05:11.000Z,2024-04-20T14:52:36.000Z,28,https://articulo.mercadolibre.com.ar/MLA-1499376460-apple-tv-4k-mxh02lla-64gb-chip-a12-bionic-ethernet-wifi-y-bluetooth-control-por-voz-siri-remote-_JM,active
MLA1113665059,Apple TV,Apple Tv 4k 64gb 5th Generation Sonido Dolby Digital Plus,new,MLA-STREAMING_MEDIA_DEVICES,314990.0,,2021-11-25T13:53:57.000Z,2024-04-23T12:15:19.000Z,999,https://articulo.mercadolibre.com.ar/MLA-1113665059-apple-tv-4k-64gb-5th-generation-sonido-dolby-digital-plus-_JM,active
MLA1594865644,Apple TV, Apple Tv 4k A2169 2da Generación 2021 4k 64gb,new,MLA-STREAMING_MEDIA_DEVICES,763400.0,,2023-12-11T06:36:04.000Z,2024-04-11T03:33:13.789Z,1,https://articulo.mercadolibre.com.ar/MLA-1594865644-apple-tv-4k-a2169-2da-generacion-2021-4k-64gb-_JM,active
MLA1382476735,Apple TV,Apple Tv 4k 32 Gb,new,MLA-STREAMING_MEDIA_DEVICES,249600.0,,2023-08-10T13:57:48.000Z,2024-04-16T15:27:22.000Z,3,https://articulo.mercadolibre.com.ar/MLA-1382476735-apple-tv-4k-32-gb-_JM,active
MLA1378227377,Apple TV, Apple Tv 4k A2169 Control Voz 2ª Generación 2021 32gb Negro,new,MLA-STREAMING_MEDIA_DEVICES,699997.0,,2023-07-19T19:46:46.000Z,2024-03-27T19:38:04.000Z,6,https://articulo.mercadolibre.com.ar/MLA-1378227377-apple-tv-4k-a2169-control-voz-2-generacion-2021-32gb-negro-_JM,active
MLA1411537873,Apple TV, Apple Tv 4k A2169 De Voz 2.ª Generación 2021 4k 32gb Negro,new,MLA-STREAMING_MEDIA_DEVICES,579999.0,,2024-02-24T17:40:32.000Z,2024-03-27T22:58:35.000Z,1,https://articulo.mercadolibre.com.ar/MLA-1411537873-apple-tv-4k-a2169-de-voz-2-generacion-2021-4k-32gb-negro-_JM,active
MLA927234893,Apple TV,Soporte Para Apple Tv 4 5 6 Gen + Soporte Control Remoto,new,MLA-STREAMING_MEDIA_DEVICES,3532.0,,2021-06-26T18:00:40.000Z,2024-04-05T04:47:00.000Z,20,https://articulo.mercadolibre.com.ar/MLA-927234893-soporte-para-apple-tv-4-5-6-gen-soporte-control-remoto-_JM,active
MLA1419607821,Apple TV, Apple Tv A1469 Estándar 3.ª Generación ,used,MLA-STREAMING_MEDIA_DEVICES,70000.0,,2024-04-05T17:00:06.000Z,2024-04-15T01:00:32.000Z,1,https://articulo.mercadolibre.com.ar/MLA-1419607821-apple-tv-a1469-estandar-3-generacion-_JM,active
MLA1414056647,Apple TV, Apple Tv A1469 Estándar 3.ª Generación Rev. A Full Hd 8gb ,used,MLA-STREAMING_MEDIA_DEVICES,150000.0,,2024-03-11T19:48:39.000Z,2024-04-15T15:34:06.000Z,1,https://articulo.mercadolibre.com.ar/MLA-1414056647-apple-tv-a1469-estandar-3-generacion-rev-a-full-hd-8gb-_JM,active
MLA1744096678,Apple TV, Apple Tv 4 Hd - 32gb - Impecable Y En Caja Original !,used,MLA-STREAMING_MEDIA_DEVICES,110000.0,,2024-04-18T14:28:26.000Z,2024-04-22T10:30:42.000Z,1,https://articulo.mercadolibre.com.ar/MLA-1744096678-apple-tv-4-hd-32gb-impecable-y-en-caja-original--_JM,active
MLA1413965823,Apple TV, Apple Tv Mc572lla Estándar 2.ª Generación 2010 Hd ,used,MLA-STREAMING_MEDIA_DEVICES,150000.0,,2024-03-11T19:32:07.000Z,2024-04-15T15:34:18.000Z,1,https://articulo.mercadolibre.com.ar/MLA-1413965823-apple-tv-mc572lla-estandar-2-generacion-2010-hd-_JM,active
MLA1338143888,Apple TV, Apple Tv A1427  8gb Negro  512mb Ram Con Caja,used,MLA-STREAMING_MEDIA_DEVICES,30000.0,,2023-02-06T20:10:40.000Z,2024-04-23T13:39:53.000Z,1,https://articulo.mercadolibre.com.ar/MLA-1338143888-apple-tv-a1427-8gb-negro-512mb-ram-con-caja-_JM,active
MLA1313569771,Apple TV," Apple Tv  A1625,  Negro 32gb,  Control Remoto Usado",used,MLA-STREAMING_MEDIA_DEVICES,111999.0,,2023-01-16T20:56:42.000Z,2024-04-16T20:24:40.000Z,1,https://articulo.mercadolibre.com.ar/MLA-1313569771-apple-tv-a1625-negro-32gb-control-remoto-usado-_JM,active
MLA1598302118,Apple TV,"Apple Tv 3 A1469  Full Hd Negro Completo, Sin Detalles.",used,MLA-STREAMING_MEDIA_DEVICES,92000.0,,2023-12-13T22:51:57.221Z,2024-04-23T22:12:18.766Z,1,https://articulo.mercadolibre.com.ar/MLA-1598302118-apple-tv-3-a1469-full-hd-negro-completo-sin-detalles-_JM,active
MLA1394545747,Apple TV, Apple Tv 3.ª Generación Full Hd,used,MLA-STREAMING_MEDIA_DEVICES,48000.0,,2023-11-03T20:31:04.000Z,2024-04-19T03:56:23.000Z,1,https://articulo.mercadolibre.com.ar/MLA-1394545747-apple-tv-3-generacion-full-hd-_JM,active
MLA1422759707,Apple TV, Apple Tv  3.ª Generación Full Hd,used,MLA-STREAMING_MEDIA_DEVICES,85000.0,,2024-04-21T22:44:39.000Z,2024-04-22T02:27:49.000Z,1,https://articulo.mercadolibre.com.ar/MLA-1422759707-apple-tv-3-generacion-full-hd-_JM,active
MLA1622879630,Apple TV,Apple Tv - Modelo A1469,used,MLA-STREAMING_MEDIA_DEVICES,250000.0,,2024-01-08T02:49:43.000Z,2024-03-23T06:34:23.000Z,1,https://articulo.mercadolibre.com.ar/MLA-1622879630-apple-tv-modelo-a1469-_JM,active
MLA1556046712,Apple TV, Apple Tv A1469 Estándar ,used,MLA-STREAMING_MEDIA_DEVICES,120000.0,,2023-11-04T15:02:37.000Z,2024-04-15T16:39:44.000Z,1,https://articulo.mercadolibre.com.ar/MLA-1556046712-apple-tv-a1469-estandar-_JM,active
MLA1660147164,Apple TV,Apple Tv 3ra Generacion | A1469,used,MLA-STREAMING_MEDIA_DEVICES,45000.0,,2024-02-06T14:07:36.000Z,2024-04-18T11:24:34.000Z,1,https://articulo.mercadolibre.com.ar/MLA-1660147164-apple-tv-3ra-generacion-a1469-_JM,active
MLA1129100341,Apple TV,Apple Tv Hd A1625 De Voz 4 Generación 2015 Full Hd 32gb,used,MLA-STREAMING_MEDIA_DEVICES,180000.0,,2022-03-24T21:24:01.000Z,2024-03-24T13:51:29.000Z,1,https://articulo.mercadolibre.com.ar/MLA-1129100341-apple-tv-hd-a1625-de-voz-4-generacion-2015-full-hd-32gb-_JM,active
MLA1677887932,Apple TV,Apple Tv 3era Generación. Full Hd. Con Control Remoto Y Hdmi,used,MLA-STREAMING_MEDIA_DEVICES,55000.0,,2024-02-22T05:13:06.000Z,2024-04-15T16:47:40.000Z,1,https://articulo.mercadolibre.com.ar/MLA-1677887932-apple-tv-3era-generacion-full-hd-con-control-remoto-y-hdmi-_JM,active
MLA1399255737,Apple TV, Apple Tv 4k A2169 De Voz 2.ª Generación 2021 4k 32gb Negro,used,MLA-STREAMING_MEDIA_DEVICES,799999.0,,2023-12-17T21:22:14.387Z,2024-04-05T23:10:21.509Z,1,https://articulo.mercadolibre.com.ar/MLA-1399255737-apple-tv-4k-a2169-de-voz-2-generacion-2021-4k-32gb-negro-_JM,active
MLA1736369560,Apple TV,Apple Tv 2da Gen,used,MLA-STREAMING_MEDIA_DEVICES,40000.0,,2024-04-10T19:34:45.000Z,2024-04-15T16:09:34.000Z,1,https://articulo.mercadolibre.com.ar/MLA-1736369560-apple-tv-2da-gen-_JM,active
MLA1414122791,Apple TV, Apple Tv A1427 Negro - 1080p Full Hd,used,MLA-STREAMING_MEDIA_DEVICES,180000.0,,2024-03-12T15:35:38.000Z,2024-03-12T15:37:14.326Z,1,https://articulo.mercadolibre.com.ar/MLA-1414122791-apple-tv-a1427-negro-1080p-full-hd-_JM,active
MLA1735651606,Apple TV,Apple Tv 4k 32gb 2017 (a1842) + Siri Remote 2da Generación,used,MLA-STREAMING_MEDIA_DEVICES,200000.0,,2024-04-10T05:07:57.000Z,2024-04-16T13:25:06.000Z,1,https://articulo.mercadolibre.com.ar/MLA-1735651606-apple-tv-4k-32gb-2017-a1842-siri-remote-2da-generacion-_JM,active
MLA1746671800,Apple TV, Apple Tv 4.ª Generación 2015 Full Hd 32gb 2gb Memoria Ram,used,MLA-STREAMING_MEDIA_DEVICES,94000.0,,2024-04-21T16:52:36.000Z,2024-04-21T16:52:46.144Z,1,https://articulo.mercadolibre.com.ar/MLA-1746671800-apple-tv-4-generacion-2015-full-hd-32gb-2gb-memoria-ram-_JM,active
MLA1150226429,Apple TV,Caja Apple Tv ,used,MLA-STREAMING_MEDIA_DEVICES,20000.0,,2022-08-05T21:06:34.000Z,2024-04-19T14:37:02.000Z,1,https://articulo.mercadolibre.com.ar/MLA-1150226429-caja-apple-tv-_JM,active
MLA1751001056,Apple TV,Apple Tv Hd A1625 De Voz 4.ª Generación Full Hd 32gb 1080p,used,MLA-STREAMING_MEDIA_DEVICES,159000.0,,2024-04-25T00:13:00.000Z,2024-04-25T02:08:23.022Z,1,https://articulo.mercadolibre.com.ar/MLA-1751001056-apple-tv-hd-a1625-de-voz-4-generacion-full-hd-32gb-1080p-_JM,active
MLA1400668481,Apple TV,Apple Tv 3ª Generación Full Hd - Perfecto Estado,used,MLA-STREAMING_MEDIA_DEVICES,54000.0,,2023-12-29T14:14:50.000Z,2024-03-14T14:15:45.000Z,1,https://articulo.mercadolibre.com.ar/MLA-1400668481-apple-tv-3-generacion-full-hd-perfecto-estado-_JM,active
MLA1707169742,Apple TV,Apple Tv A1625 (4ta Gen) + Cable Hdmi Premium,used,MLA-STREAMING_MEDIA_DEVICES,149000.0,,2024-03-17T00:49:18.000Z,2024-04-15T21:12:30.000Z,1,https://articulo.mercadolibre.com.ar/MLA-1707169742-apple-tv-a1625-4ta-gen-cable-hdmi-premium-_JM,active
MLA1413766565,Apple TV, Apple Tv Hd A1625 (2015) 4gen 64gb Almacenamiento 2gb Ram,used,MLA-STREAMING_MEDIA_DEVICES,120000.0,,2024-03-09T18:57:01.000Z,2024-04-18T20:13:59.000Z,1,https://articulo.mercadolibre.com.ar/MLA-1413766565-apple-tv-hd-a1625-2015-4gen-64gb-almacenamiento-2gb-ram-_JM,active
MLA1399520644,Apple TV,Apple Tv 4k 32gb A1842 Negro (usado),used,MLA-STREAMING_MEDIA_DEVICES,380000.0,,2023-04-18T19:13:13.000Z,2024-02-19T11:00:23.000Z,1,https://articulo.mercadolibre.com.ar/MLA-1399520644-apple-tv-4k-32gb-a1842-negro-usado-_JM,active
MLA1140019211,Apple TV,"Apple Tv, 2da Generacion",used,MLA-STREAMING_MEDIA_DEVICES,145000.0,,2022-06-01T04:42:44.000Z,2024-03-31T22:26:18.000Z,1,https://articulo.mercadolibre.com.ar/MLA-1140019211-apple-tv-2da-generacion-_JM,active
MLA1394674025,Apple TV,Apple Tv 3ra Generación - Modelo A1469 + Soporte De Pared,used,MLA-STREAMING_MEDIA_DEVICES,180000.0,,2023-11-05T16:57:54.000Z,2024-02-02T22:27:44.548Z,1,https://articulo.mercadolibre.com.ar/MLA-1394674025-apple-tv-3ra-generacion-modelo-a1469-soporte-de-pared-_JM,active
MLA1587533258,Apple TV,Apple Tv 4k A2169 De Voz 2.a Generación 2021 4k 32gb Negro,used,MLA-STREAMING_MEDIA_DEVICES,299000.0,,2023-12-03T17:01:15.000Z,2024-04-17T14:28:41.000Z,1,https://articulo.mercadolibre.com.ar/MLA-1587533258-apple-tv-4k-a2169-de-voz-2a-generacion-2021-4k-32gb-negro-_JM,active
MLA1145383193,Apple TV, Apple Tv 4.ª Generación 2017 Full Hd 64gb ,used,MLA-STREAMING_MEDIA_DEVICES,230000.0,,2022-07-04T19:49:51.000Z,2024-02-21T17:44:07.000Z,1,https://articulo.mercadolibre.com.ar/MLA-1145383193-apple-tv-4-generacion-2017-full-hd-64gb-_JM,active
MLA1403581139,Amazon Fire TV,Amazon Fire Tv Stick 4k De Voz 3.ª Generación 4k 8gb Negro Con 1.5gb De Memoria Ram,new,MLA-STREAMING_MEDIA_DEVICES,74038.0,,2024-01-22T13:49:48.000Z,2024-04-25T22:01:28.674Z,48,https://articulo.mercadolibre.com.ar/MLA-1403581139-amazon-fire-tv-stick-4k-de-voz-3-generacion-4k-8gb-negro-con-15gb-de-memoria-ram-_JM,active
MLA1142240951,Amazon Fire TV,Amazon Fire Tv Stick Lite- De Voz 2.ª Generación Full Hd Negro Con 1gb De Memoria Ram,new,MLA-STREAMING_MEDIA_DEVICES,59990.0,,2022-06-12T23:50:38.000Z,2024-04-25T21:39:31.000Z,1590,https://articulo.mercadolibre.com.ar/MLA-1142240951-amazon-fire-tv-stick-lite-de-voz-2-generacion-full-hd-negro-con-1gb-de-memoria-ram-_JM,active
MLA1369229561,Amazon Fire TV,Amazon Fire Tv Stick Fire Tv Stick Lite Edición 2022 B091g4yp57 De Voz 2.ª Generación Full Hd 8gb Negro Con 1gb De Memoria Ram,new,MLA-STREAMING_MEDIA_DEVICES,60999.0,,2023-05-10T22:01:24.000Z,2024-04-25T21:46:11.442Z,316,https://articulo.mercadolibre.com.ar/MLA-1369229561-amazon-fire-tv-stick-fire-tv-stick-lite-edicion-2022-b091g4yp57-de-voz-2-generacion-full-hd-8gb-negro-con-1gb-de-memoria-ram-_JM,active
MLA1193987581,Amazon Fire TV,Amazon Fire Tv Stick De Voz 3.ª Generación Full Hd 8gb Negro Con 1gb De Memoria Ram,new,MLA-STREAMING_MEDIA_DEVICES,65642.0,,2022-10-14T14:17:45.000Z,2024-04-25T21:37:26.000Z,205,https://articulo.mercadolibre.com.ar/MLA-1193987581-amazon-fire-tv-stick-de-voz-3-generacion-full-hd-8gb-negro-con-1gb-de-memoria-ram-_JM,active
MLA1380415197,Amazon Fire TV,Amazon Tv Stick Fire Tv Stick 4k Max K2r2te De Voz 1.ª Generación 4k 8gb Negro Con 2gb De Memoria Ram,new,MLA-STREAMING_MEDIA_DEVICES,70490.0,,2023-07-28T16:51:00.000Z,2024-04-25T19:32:34.694Z,61,https://articulo.mercadolibre.com.ar/MLA-1380415197-amazon-tv-stick-fire-tv-stick-4k-max-k2r2te-de-voz-1-generacion-4k-8gb-negro-con-2gb-de-memoria-ram-_JM,active
MLA1486381334,Amazon Fire TV,Amazon Fire Tv Stick 4k De Voz 2ª Generación 4k 8gb Negro1 Con 1.5gb De Memoria Ram,new,MLA-STREAMING_MEDIA_DEVICES,69265.2,230884.0,2023-08-28T17:35:12.000Z,2024-04-25T20:21:44.000Z,13,https://articulo.mercadolibre.com.ar/MLA-1486381334-amazon-fire-tv-stick-4k-de-voz-2-generacion-4k-8gb-negro1-con-15gb-de-memoria-ram-_JM,active
MLA1693665446,Amazon Fire TV,Fire Tv Stick 4k (2023) Wi-fi 6 2gb De Ram Con Alexa Color Negro,new,MLA-STREAMING_MEDIA_DEVICES,67621.0,,2024-03-05T19:37:14.000Z,2024-04-25T17:51:35.000Z,27,https://articulo.mercadolibre.com.ar/MLA-1693665446-fire-tv-stick-4k-2023-wi-fi-6-2gb-de-ram-con-alexa-color-negro-_JM,active
MLA1397794231,Amazon Fire TV,"Fire Tv Stick (3.ª Generación 2021) Con Alexa Voice Remote, ",new,MLA-STREAMING_MEDIA_DEVICES,67899.0,,2023-12-02T14:15:35.350Z,2024-04-25T11:21:56.089Z,60,https://articulo.mercadolibre.com.ar/MLA-1397794231-fire-tv-stick-3-generacion-2021-con-alexa-voice-remote-_JM,active
MLA1359581175,Amazon Fire TV,Amazon Fire Tv Stick 3ra Hd Alexa Voice Remote Original,new,MLA-STREAMING_MEDIA_DEVICES,99580.0,,2023-02-27T14:09:21.000Z,2024-04-25T12:27:00.142Z,7,https://articulo.mercadolibre.com.ar/MLA-1359581175-amazon-fire-tv-stick-3ra-hd-alexa-voice-remote-original-_JM,active
MLA1434782502,Amazon Fire TV,Amazon Fire Tv Stick Edición 2021 De Voz Full Hd 8gb Negro,new,MLA-STREAMING_MEDIA_DEVICES,67299.0,,2023-06-18T20:23:11.000Z,2024-04-23T11:30:36.000Z,79,https://articulo.mercadolibre.com.ar/MLA-1434782502-amazon-fire-tv-stick-edicion-2021-de-voz-full-hd-8gb-negro-_JM,active
MLA1413899477,Amazon Fire TV,Amazon Max Fire Tv Stick 4k Max B08mqzxn1x De Voz 3.ª Generación 4k 8gb Negro Con 2gb De Memoria Ram,new,MLA-STREAMING_MEDIA_DEVICES,109505.0,,2024-03-11T12:17:37.000Z,2024-04-25T18:51:24.000Z,31,https://articulo.mercadolibre.com.ar/MLA-1413899477-amazon-max-fire-tv-stick-4k-max-b08mqzxn1x-de-voz-3-generacion-4k-8gb-negro-con-2gb-de-memoria-ram-_JM,active
MLA1751010378,Amazon Fire TV,Amazon Fire Tv Stick Lite Control Por Voz Alexa Fhd 1080p Color Negro Tipo De Control Remoto De Voz,new,MLA-STREAMING_MEDIA_DEVICES,64999.0,,2024-04-24T22:07:48.000Z,2024-04-24T22:36:31.000Z,2,https://articulo.mercadolibre.com.ar/MLA-1751010378-amazon-fire-tv-stick-lite-control-por-voz-alexa-fhd-1080p-color-negro-tipo-de-control-remoto-de-voz-_JM,active
MLA1751072176,Amazon Fire TV,"Amazon Fire Tv Stick 4k Streaming, Con Alexa Voice Remote Color Negro",new,MLA-STREAMING_MEDIA_DEVICES,60500.0,,2024-04-24T20:29:53.000Z,2024-04-25T20:24:06.000Z,100,https://articulo.mercadolibre.com.ar/MLA-1751072176-amazon-fire-tv-stick-4k-streaming-con-alexa-voice-remote-color-negro-_JM,active
MLA1711026968,Amazon Fire TV,Amazon Fire Tv Stick Lite 100% Original Netflix Disney Plus,new,MLA-STREAMING_MEDIA_DEVICES,71368.0,,2024-03-19T23:15:29.000Z,2024-04-23T21:42:51.000Z,1,https://articulo.mercadolibre.com.ar/MLA-1711026968-amazon-fire-tv-stick-lite-100-original-netflix-disney-plus-_JM,active
MLA1713075018,Amazon Fire TV,Amazon Fire Tv Stick Lite 3ra Gen Con Alexa Control De Voz,new,MLA-STREAMING_MEDIA_DEVICES,66999.0,,2024-03-21T13:43:21.000Z,2024-04-25T20:06:53.037Z,6,https://articulo.mercadolibre.com.ar/MLA-1713075018-amazon-fire-tv-stick-lite-3ra-gen-con-alexa-control-de-voz-_JM,active
MLA875087652,Amazon Fire TV,Amazon Fire Tv Stick 4k Uhd 8gb Negro Hdmi C/ Alexa,new,MLA-STREAMING_MEDIA_DEVICES,62390.0,,2020-08-25T18:49:25.000Z,2024-04-25T15:23:45.000Z,274,https://articulo.mercadolibre.com.ar/MLA-875087652-amazon-fire-tv-stick-4k-uhd-8gb-negro-hdmi-c-alexa-_JM,active
MLA1369261961,Amazon Fire TV,Amazon Fire Tv Stick Lite Control De Voz Full Hd 8gb 1gb Ram,new,MLA-STREAMING_MEDIA_DEVICES,84999.0,,2023-05-10T22:00:15.000Z,2024-04-10T00:17:49.000Z,118,https://articulo.mercadolibre.com.ar/MLA-1369261961-amazon-fire-tv-stick-lite-control-de-voz-full-hd-8gb-1gb-ram-_JM,active
MLA1407895792,Amazon Fire TV,Amazon Fire Tv Stick Max Alexa 4k Hdr 8gb Wifi6 2gb Ram,new,MLA-STREAMING_MEDIA_DEVICES,96999.0,,2023-04-30T20:52:31.000Z,2024-04-23T17:24:38.000Z,16,https://articulo.mercadolibre.com.ar/MLA-1407895792-amazon-fire-tv-stick-max-alexa-4k-hdr-8gb-wifi6-2gb-ram-_JM,active
MLA1373149393,Amazon Fire TV,Amazon Fire Tv Stick Lite 2022 Full Hd 8gb Streaming ,new,MLA-STREAMING_MEDIA_DEVICES,60999.0,,2023-06-12T19:51:01.000Z,2024-04-25T01:10:07.000Z,30,https://articulo.mercadolibre.com.ar/MLA-1373149393-amazon-fire-tv-stick-lite-2022-full-hd-8gb-streaming-_JM,active
MLA1144622469,Amazon Fire TV,Amazon Fire Tv Stick 4k Max Con Control De Voz Alexa,new,MLA-STREAMING_MEDIA_DEVICES,106999.0,,2022-06-28T19:43:42.000Z,2024-04-25T15:10:54.756Z,42,https://articulo.mercadolibre.com.ar/MLA-1144622469-amazon-fire-tv-stick-4k-max-con-control-de-voz-alexa-_JM,active
MLA1102129502,Amazon Fire TV,Amazon Fire Tv Stick 3ra Generación Hd Control Por Voz 8 Gb,new,MLA-STREAMING_MEDIA_DEVICES,72299.0,,2021-09-07T17:55:22.000Z,2024-04-25T15:26:32.200Z,284,https://articulo.mercadolibre.com.ar/MLA-1102129502-amazon-fire-tv-stick-3ra-generacion-hd-control-por-voz-8-gb-_JM,active
MLA1123043676,Amazon Fire TV,Amazon Fire Tv Stick 4k De Voz 4k 8gb 1.5gb De Memoria Ram,new,MLA-STREAMING_MEDIA_DEVICES,64599.0,,2022-02-10T23:14:02.000Z,2024-04-25T15:52:32.974Z,204,https://articulo.mercadolibre.com.ar/MLA-1123043676-amazon-fire-tv-stick-4k-de-voz-4k-8gb-15gb-de-memoria-ram-_JM,active
MLA1373073449,Amazon Fire TV,Amazon Fire Tv Stick Lite 2022 Full Hd 8gb Streaming ,new,MLA-STREAMING_MEDIA_DEVICES,60999.0,,2023-06-12T19:45:05.000Z,2024-04-25T17:42:25.000Z,46,https://articulo.mercadolibre.com.ar/MLA-1373073449-amazon-fire-tv-stick-lite-2022-full-hd-8gb-streaming-_JM,active
MLA1296071686,Amazon Fire TV,Amazon Fire Tv Stick Lite Control De Voz Full Hd 1gb Ram 8gb,new,MLA-STREAMING_MEDIA_DEVICES,92386.0,,2022-12-31T15:37:41.000Z,2024-04-15T13:25:23.000Z,14,https://articulo.mercadolibre.com.ar/MLA-1296071686-amazon-fire-tv-stick-lite-control-de-voz-full-hd-1gb-ram-8gb-_JM,active
MLA1175787084,Amazon Fire TV,Amazon Fire Tv Stick Lite De Voz Full Hd Convertidor A Smart,new,MLA-STREAMING_MEDIA_DEVICES,80990.0,,2022-09-23T19:55:05.000Z,2024-04-13T12:21:23.000Z,10,https://articulo.mercadolibre.com.ar/MLA-1175787084-amazon-fire-tv-stick-lite-de-voz-full-hd-convertidor-a-smart-_JM,active
MLA1583102304,Amazon Fire TV,Amazon Fire Tv Stick Lite Edición 2022 De Voz  Full Hd 8gb ,new,MLA-STREAMING_MEDIA_DEVICES,80578.0,,2023-11-30T14:02:54.000Z,2024-04-09T18:40:24.000Z,48,https://articulo.mercadolibre.com.ar/MLA-1583102304-amazon-fire-tv-stick-lite-edicion-2022-de-voz-full-hd-8gb-_JM,active
MLA1734140408,Amazon Fire TV,Amazon Fire Tv Stick 4k De Voz 4k 8gb Negro Con 1.5gb De Me,new,MLA-STREAMING_MEDIA_DEVICES,62644.0,,2024-04-09T16:50:28.000Z,2024-04-25T21:58:01.991Z,25,https://articulo.mercadolibre.com.ar/MLA-1734140408-amazon-fire-tv-stick-4k-de-voz-4k-8gb-negro-con-15gb-de-me-_JM,active
MLA1398366265,Amazon Fire TV,Conversor Smart Tv Amazon Lite 8gb Full Hd Control Por Voz,new,MLA-STREAMING_MEDIA_DEVICES,70299.05,73999.0,2023-12-07T15:29:52.000Z,2024-04-25T18:16:39.000Z,40,https://articulo.mercadolibre.com.ar/MLA-1398366265-conversor-smart-tv-amazon-lite-8gb-full-hd-control-por-voz-_JM,active
MLA1372865557,Amazon Fire TV,Amazon Fire Tv Stick Lite 2022 Full Hd 8gb Streaming ,new,MLA-STREAMING_MEDIA_DEVICES,60999.0,,2023-06-09T18:48:46.000Z,2024-04-25T20:38:34.000Z,41,https://articulo.mercadolibre.com.ar/MLA-1372865557-amazon-fire-tv-stick-lite-2022-full-hd-8gb-streaming-_JM,active
MLA864435736,Amazon Fire TV,"Amazon Fire Tv Stick 4k 8gb 1,5gb Ram Convertidor Smart Tv",new,MLA-STREAMING_MEDIA_DEVICES,69591.3,79990.0,2020-06-25T14:40:36.000Z,2024-04-23T19:57:00.000Z,1017,https://articulo.mercadolibre.com.ar/MLA-864435736-amazon-fire-tv-stick-4k-8gb-15gb-ram-convertidor-smart-tv-_JM,active
MLA1382303479,Amazon Fire TV,Amazon Fire Tv Stick 4k Max Control De Voz Alexa 3ra Gen 8gb,new,MLA-STREAMING_MEDIA_DEVICES,135999.0,,2023-08-08T19:52:59.000Z,2024-04-25T15:02:09.000Z,23,https://articulo.mercadolibre.com.ar/MLA-1382303479-amazon-fire-tv-stick-4k-max-control-de-voz-alexa-3ra-gen-8gb-_JM,active
MLA1119676470,Amazon Fire TV,Amazon Fire Tv Stick 4k Max Streaming Tv ,new,MLA-STREAMING_MEDIA_DEVICES,134990.0,,2022-01-17T16:28:01.000Z,2024-04-13T15:47:23.000Z,1004,https://articulo.mercadolibre.com.ar/MLA-1119676470-amazon-fire-tv-stick-4k-max-streaming-tv-_JM,active
MLA1161938993,Amazon Fire TV,Amazon Fire Tv Stick Lite Full Hd 8gb C/fuente Original220v ,new,MLA-STREAMING_MEDIA_DEVICES,68297.0,,2022-09-02T16:11:49.000Z,2024-04-17T01:53:01.000Z,51,https://articulo.mercadolibre.com.ar/MLA-1161938993-amazon-fire-tv-stick-lite-full-hd-8gb-cfuente-original220v-_JM,active
MLA1109986856,Amazon Fire TV,Amazon Fire Tv Stick 4k Max - Alexa 3 - Wi-fi 6 - Hdr - 2021,new,MLA-STREAMING_MEDIA_DEVICES,99990.0,,2021-10-27T15:39:46.000Z,2024-04-25T18:20:00.000Z,58,https://articulo.mercadolibre.com.ar/MLA-1109986856-amazon-fire-tv-stick-4k-max-alexa-3-wi-fi-6-hdr-2021-_JM,active
MLA1403830169,Amazon Fire TV,Amazon Fire Tv Stick 4k De Voz 4k 8gb Negro Con 1.5gb Ram,new,MLA-STREAMING_MEDIA_DEVICES,74999.0,,2024-01-23T17:51:40.000Z,2024-04-03T16:20:21.000Z,2,https://articulo.mercadolibre.com.ar/MLA-1403830169-amazon-fire-tv-stick-4k-de-voz-4k-8gb-negro-con-15gb-ram-_JM,active
MLA1122778348,Amazon Fire TV,Amazon Fire Tv Stick 4k Hd Smart Tv Apps Netflix Disney  +,new,MLA-STREAMING_MEDIA_DEVICES,134999.0,,2022-02-09T15:21:51.000Z,2024-04-25T11:52:37.000Z,40,https://articulo.mercadolibre.com.ar/MLA-1122778348-amazon-fire-tv-stick-4k-hd-smart-tv-apps-netflix-disney--_JM,active
MLA1409003536,Amazon Fire TV,Amazon Fire Tv Stick Lite 2022 Control De Voz Full Hd 8gb,new,MLA-STREAMING_MEDIA_DEVICES,67998.0,,2023-05-03T11:11:11.000Z,2024-04-19T11:15:49.445Z,13,https://articulo.mercadolibre.com.ar/MLA-1409003536-amazon-fire-tv-stick-lite-2022-control-de-voz-full-hd-8gb-_JM,active
MLA1143409979,Amazon Fire TV,Amazon Fire Tv Stick Lite Full Hd Control Voz Smart Tv Hdmi,new,MLA-STREAMING_MEDIA_DEVICES,64999.0,,2022-06-21T14:39:00.000Z,2024-04-23T23:53:52.000Z,28,https://articulo.mercadolibre.com.ar/MLA-1143409979-amazon-fire-tv-stick-lite-full-hd-control-voz-smart-tv-hdmi-_JM,active
MLA1405570931,Amazon Fire TV,Amazon Fire Tv Stick 4k Max Alexa 3° Gen Con Detalles,new,MLA-STREAMING_MEDIA_DEVICES,106999.0,,2024-01-30T18:07:44.000Z,2024-04-10T12:13:26.000Z,5,https://articulo.mercadolibre.com.ar/MLA-1405570931-amazon-fire-tv-stick-4k-max-alexa-3-gen-con-detalles-_JM,active
MLA1453363808,Amazon Fire TV,Amazon Fire Tv Stick Lite Full Hd 8gb 1gb Ram Black Control,new,MLA-STREAMING_MEDIA_DEVICES,60799.0,,2023-07-19T18:44:30.000Z,2024-04-25T18:24:44.000Z,17,https://articulo.mercadolibre.com.ar/MLA-1453363808-amazon-fire-tv-stick-lite-full-hd-8gb-1gb-ram-black-control-_JM,active
MLA1286252840,Amazon Fire TV,"Amazon Fire Tv Stick 4k 8gb Hdr Dolby 1,5gb Ram Control Voz",new,MLA-STREAMING_MEDIA_DEVICES,83099.0,,2022-12-20T19:04:17.000Z,2024-04-18T16:35:49.000Z,146,https://articulo.mercadolibre.com.ar/MLA-1286252840-amazon-fire-tv-stick-4k-8gb-hdr-dolby-15gb-ram-control-voz-_JM,active
MLA1544999250,Amazon Fire TV,Amazon Fire Tv Stick Edición 2021 Control De Voz Full Hd 8gb,new,MLA-STREAMING_MEDIA_DEVICES,89899.0,,2023-10-24T14:21:01.000Z,2024-04-16T13:01:48.000Z,24,https://articulo.mercadolibre.com.ar/MLA-1544999250-amazon-fire-tv-stick-edicion-2021-control-de-voz-full-hd-8gb-_JM,active
MLA1392920957,Amazon Fire TV,Amazon Fire Tv Cube De Voz 2.ª Generación 4k 16gb Negro Con 2gb De Memoria Ram,new,MLA-STREAMING_MEDIA_DEVICES,325000.0,,2023-10-20T20:02:57.000Z,2024-04-16T15:27:35.117Z,3,https://articulo.mercadolibre.com.ar/MLA-1392920957-amazon-fire-tv-cube-de-voz-2-generacion-4k-16gb-negro-con-2gb-de-memoria-ram-_JM,active
MLA1473218924,Amazon Fire TV,Amazon Fire Tv Stick Control Voz 3.ª Generación Full Hd 8gb ,new,MLA-STREAMING_MEDIA_DEVICES,114499.2,,2023-08-16T15:38:30.000Z,2024-04-05T22:03:34.000Z,10,https://articulo.mercadolibre.com.ar/MLA-1473218924-amazon-fire-tv-stick-control-voz-3-generacion-full-hd-8gb-_JM,active
MLA1399046785,Amazon Fire TV,Amazon Fire Tv Stick 4k De Voz 4k 8gb Negro,new,MLA-STREAMING_MEDIA_DEVICES,196320.0,,2023-12-15T20:10:47.000Z,2024-03-26T00:16:46.000Z,6,https://articulo.mercadolibre.com.ar/MLA-1399046785-amazon-fire-tv-stick-4k-de-voz-4k-8gb-negro-_JM,active
MLA1359794778,Amazon Fire TV,Amazon Fire Tv Stick Hd 8gb Hdr Dolby 1080p Control Voz Imp,new,MLA-STREAMING_MEDIA_DEVICES,76599.0,,2023-02-27T14:09:19.000Z,2024-04-25T12:28:40.000Z,16,https://articulo.mercadolibre.com.ar/MLA-1359794778-amazon-fire-tv-stick-hd-8gb-hdr-dolby-1080p-control-voz-imp-_JM,active
MLA1548431302,Amazon Fire TV,Amazon Fire Tv Stick Control Voz 2.ª Gen Full Hd 8gb Negro,new,MLA-STREAMING_MEDIA_DEVICES,73999.0,,2023-10-27T14:34:30.000Z,2024-02-16T16:31:14.000Z,324,https://articulo.mercadolibre.com.ar/MLA-1548431302-amazon-fire-tv-stick-control-voz-2-gen-full-hd-8gb-negro-_JM,active
MLA1415832327,Amazon Fire TV,Fire Tv Stick 4k (2023) Wi-fi 6 2gb De Ram Alexa Color Negro,new,MLA-STREAMING_MEDIA_DEVICES,68499.0,,2024-03-18T20:00:35.000Z,2024-04-25T19:51:26.327Z,3,https://articulo.mercadolibre.com.ar/MLA-1415832327-fire-tv-stick-4k-2023-wi-fi-6-2gb-de-ram-alexa-color-negro-_JM,active
MLA1106948651,Amazon Fire TV,Amazon Fire Tv Stick Lite Full Hd 8gb 1gb Ram Streaming,new,MLA-STREAMING_MEDIA_DEVICES,60799.0,,2021-10-06T20:15:20.000Z,2024-04-25T16:58:23.000Z,129,https://articulo.mercadolibre.com.ar/MLA-1106948651-amazon-fire-tv-stick-lite-full-hd-8gb-1gb-ram-streaming-_JM,active
MLA1341285993,Amazon Fire TV,Amazon Fire Tv Stick Hd 8gb Hdr Dolby 1080p Imp Control Voz,new,MLA-STREAMING_MEDIA_DEVICES,99580.0,,2023-02-09T19:53:47.000Z,2024-04-23T21:08:20.000Z,12,https://articulo.mercadolibre.com.ar/MLA-1341285993-amazon-fire-tv-stick-hd-8gb-hdr-dolby-1080p-imp-control-voz-_JM,active
MLA1674680742,chromecast,Google Chromecast 3 Full Hd Media Streaming Negro,new,MLA-STREAMING_MEDIA_DEVICES,49225.0,,2024-02-19T17:50:13.000Z,2024-04-25T20:40:10.000Z,1289,https://articulo.mercadolibre.com.ar/MLA-1674680742-google-chromecast-3-full-hd-media-streaming-negro-_JM,active
MLA1364247963,chromecast,Chromecast Google Tv Hd 8gb 2gb Ram 60 Fps Wifi Bluetooth Hdmi 4ta Gen Blanco,new,MLA-STREAMING_MEDIA_DEVICES,68000.0,,2023-03-29T21:20:13.000Z,2024-04-25T21:59:13.000Z,2381,https://articulo.mercadolibre.com.ar/MLA-1364247963-chromecast-google-tv-hd-8gb-2gb-ram-60-fps-wifi-bluetooth-hdmi-4ta-gen-blanco-_JM,active
MLA1316311442,chromecast,Chromecast With Google Tv De Voz 4ª Generación 4k 8gb Snow Con 2gb De Memoria Ram,new,MLA-STREAMING_MEDIA_DEVICES,82114.43,91899.0,2023-01-19T20:21:41.000Z,2024-04-25T21:55:53.124Z,460,https://articulo.mercadolibre.com.ar/MLA-1316311442-chromecast-with-google-tv-de-voz-4-generacion-4k-8gb-snow-con-2gb-de-memoria-ram-_JM,active
MLA1400888809,chromecast,Google Chromecast Con Google Tv Hd - Blanco,new,MLA-STREAMING_MEDIA_DEVICES,68500.0,,2024-01-01T16:13:56.000Z,2024-04-25T21:44:52.000Z,135,https://articulo.mercadolibre.com.ar/MLA-1400888809-google-chromecast-con-google-tv-hd-blanco-_JM,active
MLA1658673372,chromecast,Google Chromecast 3ra Generación Streaming Hdmi Celular Color Negro Tipo De Control Remoto Negro,new,MLA-STREAMING_MEDIA_DEVICES,49590.0,,2024-02-05T15:07:43.000Z,2024-04-25T21:42:22.628Z,474,https://articulo.mercadolibre.com.ar/MLA-1658673372-google-chromecast-3ra-generacion-streaming-hdmi-celular-color-negro-tipo-de-control-remoto-negro-_JM,active
MLA1502509702,chromecast,Google Chromecast Hd,new,MLA-STREAMING_MEDIA_DEVICES,70771.0,,2023-09-08T18:00:53.000Z,2024-04-25T15:59:11.016Z,77,https://articulo.mercadolibre.com.ar/MLA-1502509702-google-chromecast-hd-_JM,active
MLA1596292398,chromecast,Google Chromecast With Google Tv Ga01919-us De Voz 4.ª Generación 1080p 8gb Sky Con 2gb De Memoria Ram,new,MLA-STREAMING_MEDIA_DEVICES,84000.0,,2023-12-12T14:07:46.897Z,2024-04-25T20:21:54.173Z,50,https://articulo.mercadolibre.com.ar/MLA-1596292398-google-chromecast-with-google-tv-ga01919-us-de-voz-4-generacion-1080p-8gb-sky-con-2gb-de-memoria-ram-_JM,active
MLA759895787,chromecast,Google Chromecast 3 Generacion Smart Tv Original + Fuente,new,MLA-STREAMING_MEDIA_DEVICES,50000.0,,2018-11-26T17:57:06.000Z,2024-04-25T19:01:31.000Z,5839,https://articulo.mercadolibre.com.ar/MLA-759895787-google-chromecast-3-generacion-smart-tv-original-fuente-_JM,active
MLA1664307948,chromecast,Google Chromecast With Google Tv Ga01919-us De Voz 4.ª Generación 4k 8gb Sunrise Con 2gb De Memoria Ram,new,MLA-STREAMING_MEDIA_DEVICES,91208.0,,2024-02-09T16:40:25.000Z,2024-04-25T22:01:07.482Z,44,https://articulo.mercadolibre.com.ar/MLA-1664307948-google-chromecast-with-google-tv-ga01919-us-de-voz-4-generacion-4k-8gb-sunrise-con-2gb-de-memoria-ram-_JM,active
MLA1417684141,chromecast,Google Chromecast 3 Full Hd Media Streaming Negro. Color Carbón,new,MLA-STREAMING_MEDIA_DEVICES,53900.0,,2024-03-25T20:12:47.000Z,2024-04-25T11:06:49.000Z,1,https://articulo.mercadolibre.com.ar/MLA-1417684141-google-chromecast-3-full-hd-media-streaming-negro-color-carbon-_JM,active
MLA1421099999,chromecast,Google Chromecast 3 Chromecast 3 3.ª Generación Full Hd,new,MLA-STREAMING_MEDIA_DEVICES,48051.0,,2024-04-11T20:35:56.000Z,2024-04-25T20:57:02.000Z,123,https://articulo.mercadolibre.com.ar/MLA-1421099999-google-chromecast-3-chromecast-3-3-generacion-full-hd-_JM,active
MLA1532654128,chromecast,Chromecast Google Tv Hd 8gb 2gb Ram 60 Fps Wifi Bluetooth Hdmi 4ta Gen Blanco,new,MLA-STREAMING_MEDIA_DEVICES,68525.06,72899.0,2023-10-10T18:43:00.000Z,2024-04-25T22:00:46.000Z,878,https://articulo.mercadolibre.com.ar/MLA-1532654128-chromecast-google-tv-hd-8gb-2gb-ram-60-fps-wifi-bluetooth-hdmi-4ta-gen-blanco-_JM,active
MLA778066728,chromecast,Google Chromecast 3 Generacion Nuevo En Caja Hdmi Eps,new,MLA-STREAMING_MEDIA_DEVICES,49099.0,,2019-03-27T20:24:22.000Z,2024-04-25T20:57:03.058Z,1330,https://articulo.mercadolibre.com.ar/MLA-778066728-google-chromecast-3-generacion-nuevo-en-caja-hdmi-eps-_JM,active
MLA1390929065,chromecast,Chromecast Googletv Hd 8gb 2gb Ram Bluetooth Hdmi 4ta Blanco,new,MLA-STREAMING_MEDIA_DEVICES,67711.08,73599.0,2023-10-02T14:41:35.000Z,2024-04-25T21:51:42.000Z,495,https://articulo.mercadolibre.com.ar/MLA-1390929065-chromecast-googletv-hd-8gb-2gb-ram-bluetooth-hdmi-4ta-blanco-_JM,active
MLA1414210389,chromecast,Google Chromecast 3ra Gen Youtube Streaming Hdmi Netflix,new,MLA-STREAMING_MEDIA_DEVICES,52008.0,76499.0,2024-03-12T19:54:13.000Z,2024-04-25T20:36:38.438Z,64,https://articulo.mercadolibre.com.ar/MLA-1414210389-google-chromecast-3ra-gen-youtube-streaming-hdmi-netflix-_JM,active
MLA886507539,chromecast,Google Chromecast Con Google Tv 4k + Control Remoto,new,MLA-STREAMING_MEDIA_DEVICES,87390.0,139990.0,2020-11-02T20:02:16.000Z,2024-04-25T15:36:11.000Z,2162,https://articulo.mercadolibre.com.ar/MLA-886507539-google-chromecast-con-google-tv-4k-control-remoto-_JM,active
MLA1739322248,chromecast,Google Chrome Cast 4ta Generación,new,MLA-STREAMING_MEDIA_DEVICES,69499.0,,2024-04-13T02:55:31.000Z,2024-04-25T21:48:11.000Z,62,https://articulo.mercadolibre.com.ar/MLA-1739322248-google-chrome-cast-4ta-generacion-_JM,active
MLA782706781,chromecast,Google Chromecast 3 Generacion Nuevo En Caja Hdmi C/ Fuente,new,MLA-STREAMING_MEDIA_DEVICES,49500.0,,2019-04-22T15:38:33.000Z,2024-04-25T21:42:40.040Z,17421,https://articulo.mercadolibre.com.ar/MLA-782706781-google-chromecast-3-generacion-nuevo-en-caja-hdmi-c-fuente-_JM,active
MLA1375996292,chromecast,Chromecast Google Ga03131 Google Tv Hd 8gb Blanco,new,MLA-STREAMING_MEDIA_DEVICES,68790.0,,2023-03-20T14:28:29.000Z,2024-04-25T16:51:04.000Z,226,https://articulo.mercadolibre.com.ar/MLA-1375996292-chromecast-google-ga03131-google-tv-hd-8gb-blanco-_JM,active
MLA914388160,chromecast,Google Chromecast 4k Android Tv Control De Voz 2gb Ram,new,MLA-STREAMING_MEDIA_DEVICES,84290.0,,2021-04-01T20:53:21.000Z,2024-04-25T22:02:59.000Z,791,https://articulo.mercadolibre.com.ar/MLA-914388160-google-chromecast-4k-android-tv-control-de-voz-2gb-ram-_JM,active
MLA1385641269,chromecast,Chromecast 4 Google Tv Hd 8gb 2gb Ram Wifi Bluetooth Blanco,new,MLA-STREAMING_MEDIA_DEVICES,79999.0,,2023-08-30T15:33:40.000Z,2024-04-25T14:09:59.000Z,629,https://articulo.mercadolibre.com.ar/MLA-1385641269-chromecast-4-google-tv-hd-8gb-2gb-ram-wifi-bluetooth-blanco-_JM,active
MLA885133507,chromecast,Chromecast Smart Tv Netflix Google Tv 4k Hdr Control Remoto,new,MLA-STREAMING_MEDIA_DEVICES,92347.65,101499.0,2020-10-23T17:11:28.000Z,2024-04-25T15:14:32.000Z,3210,https://articulo.mercadolibre.com.ar/MLA-885133507-chromecast-smart-tv-netflix-google-tv-4k-hdr-control-remoto-_JM,active
MLA1405964398,chromecast,Google Chromecast 4 Google Tv Box Full Hd 8gb 2gb 4ta Gen,new,MLA-STREAMING_MEDIA_DEVICES,68799.0,,2023-04-27T18:11:10.000Z,2024-04-25T18:29:09.000Z,153,https://articulo.mercadolibre.com.ar/MLA-1405964398-google-chromecast-4-google-tv-box-full-hd-8gb-2gb-4ta-gen-_JM,active
MLA1324508604,chromecast,Chromecast Google Ga03131 Tv Hd 8gb Blanco Control,new,MLA-STREAMING_MEDIA_DEVICES,74112.0,74112.0,2023-01-28T15:12:15.000Z,2024-04-25T21:54:17.000Z,1435,https://articulo.mercadolibre.com.ar/MLA-1324508604-chromecast-google-ga03131-tv-hd-8gb-blanco-control-_JM,active
MLA1670300012,chromecast,Google Chromecast With Google Tv De Voz 4.ª Generación 4k 8g,new,MLA-STREAMING_MEDIA_DEVICES,85500.0,,2024-02-15T19:14:38.000Z,2024-04-25T02:41:00.000Z,80,https://articulo.mercadolibre.com.ar/MLA-1670300012-google-chromecast-with-google-tv-de-voz-4-generacion-4k-8g-_JM,active
MLA1697237178,chromecast,Chromecast Google Tv Hd 8gb 2gb Ram 60 Fps Wifi Bluetooth Hd,new,MLA-STREAMING_MEDIA_DEVICES,69599.13,79999.0,2024-03-08T23:04:22.000Z,2024-04-25T20:58:09.000Z,305,https://articulo.mercadolibre.com.ar/MLA-1697237178-chromecast-google-tv-hd-8gb-2gb-ram-60-fps-wifi-bluetooth-hd-_JM,active
MLA1277642488,chromecast,Google Chromecast Hd Con Google Tv Y C Remoto,new,MLA-STREAMING_MEDIA_DEVICES,105900.0,,2022-12-09T14:31:51.000Z,2024-04-25T20:43:16.000Z,351,https://articulo.mercadolibre.com.ar/MLA-1277642488-google-chromecast-hd-con-google-tv-y-c-remoto-_JM,active
MLA1366062917,chromecast,Chromecast Google 4 Full Hd Google Tv Box 4ta Gen Streaming,new,MLA-STREAMING_MEDIA_DEVICES,69999.0,,2023-04-15T14:23:14.000Z,2024-04-25T12:11:00.000Z,207,https://articulo.mercadolibre.com.ar/MLA-1366062917-chromecast-google-4-full-hd-google-tv-box-4ta-gen-streaming-_JM,active
MLA1277635992,chromecast,Google Chromecast Hd Con Google Tv Y C Remoto,new,MLA-STREAMING_MEDIA_DEVICES,75900.0,,2022-12-09T14:30:22.000Z,2024-04-25T20:46:50.458Z,750,https://articulo.mercadolibre.com.ar/MLA-1277635992-google-chromecast-hd-con-google-tv-y-c-remoto-_JM,active
MLA931340608,chromecast,Google Chromecast  Con Android Tv 4k 8gb/ 2gb Ram Hdmi 220v,new,MLA-STREAMING_MEDIA_DEVICES,115000.0,,2021-07-28T19:55:43.000Z,2024-04-21T02:41:33.000Z,402,https://articulo.mercadolibre.com.ar/MLA-931340608-google-chromecast-con-android-tv-4k-8gb-2gb-ram-hdmi-220v-_JM,active
MLA1282707838,chromecast,Google Chromecast 4 Google Tv Box Full Hd 8gb 2gb 4ta Gen,new,MLA-STREAMING_MEDIA_DEVICES,68799.0,,2022-12-15T17:24:01.000Z,2024-04-25T12:49:02.000Z,541,https://articulo.mercadolibre.com.ar/MLA-1282707838-google-chromecast-4-google-tv-box-full-hd-8gb-2gb-4ta-gen-_JM,active
MLA1113438254,chromecast,Google Chromecast 3 Full Hd Media Streaming Negro Carbón,new,MLA-STREAMING_MEDIA_DEVICES,99999.0,,2021-11-23T03:04:05.000Z,2024-04-18T19:46:05.000Z,299,https://articulo.mercadolibre.com.ar/MLA-1113438254-google-chromecast-3-full-hd-media-streaming-negro-carbon-_JM,active
MLA1412966371,chromecast,Google Chromecast 3 Negro,new,MLA-STREAMING_MEDIA_DEVICES,59999.0,,2024-03-05T13:14:58.000Z,2024-04-23T23:54:04.000Z,12,https://articulo.mercadolibre.com.ar/MLA-1412966371-google-chromecast-3-negro-_JM,active
MLA1702600562,chromecast,Google Chromecast 3ra Gen Youtube Netflix Streaming Hdmi,new,MLA-STREAMING_MEDIA_DEVICES,49998.0,76499.0,2024-03-13T22:29:09.000Z,2024-04-25T20:28:36.000Z,36,https://articulo.mercadolibre.com.ar/MLA-1702600562-google-chromecast-3ra-gen-youtube-netflix-streaming-hdmi-_JM,active
MLA1373397723,chromecast,Google Chromecast Google Tv De Voz 4k 8gb 2gb Ram Evotech,new,MLA-STREAMING_MEDIA_DEVICES,104999.0,,2023-06-14T19:00:10.000Z,2024-04-25T06:41:13.970Z,46,https://articulo.mercadolibre.com.ar/MLA-1373397723-google-chromecast-google-tv-de-voz-4k-8gb-2gb-ram-evotech-_JM,active
MLA1366062999,chromecast,Chromecast Google 4 Full Hd Google Tv Box 4ta Gen Streaming,new,MLA-STREAMING_MEDIA_DEVICES,84999.0,,2023-04-15T14:27:20.000Z,2024-04-25T12:12:29.000Z,73,https://articulo.mercadolibre.com.ar/MLA-1366062999-chromecast-google-4-full-hd-google-tv-box-4ta-gen-streaming-_JM,active
MLA746583594,chromecast,Google Chromecast 3 Generacion 1080p Caja 100% Original,new,MLA-STREAMING_MEDIA_DEVICES,56599.0,,2018-09-04T21:21:10.000Z,2024-04-17T16:52:33.350Z,2170,https://articulo.mercadolibre.com.ar/MLA-746583594-google-chromecast-3-generacion-1080p-caja-100-original-_JM,active
MLA1121937411,chromecast,Google Chromecast Google Tv De Voz 4k 8gb Cargador Original,new,MLA-STREAMING_MEDIA_DEVICES,116998.0,,2022-02-03T00:07:05.000Z,2024-04-25T18:29:08.809Z,372,https://articulo.mercadolibre.com.ar/MLA-1121937411-google-chromecast-google-tv-de-voz-4k-8gb-cargador-original-_JM,active
MLA1446831930,chromecast,Chromecast Google Ga03131 Google Tv Hd 8gb Blanco,new,MLA-STREAMING_MEDIA_DEVICES,69900.0,,2023-07-10T15:35:48.000Z,2024-04-24T19:55:29.000Z,315,https://articulo.mercadolibre.com.ar/MLA-1446831930-chromecast-google-ga03131-google-tv-hd-8gb-blanco-_JM,active
MLA1108803654,chromecast,Chromecast With Google Tv De Voz 4k 8gb Con 2gb Ram,new,MLA-STREAMING_MEDIA_DEVICES,85900.0,,2021-10-19T18:45:41.000Z,2024-04-23T20:16:37.614Z,189,https://articulo.mercadolibre.com.ar/MLA-1108803654-chromecast-with-google-tv-de-voz-4k-8gb-con-2gb-ram-_JM,active
MLA1324463415,chromecast,Chromecast Google Ga03131 Tv Hd 8gb Blanco Control !,new,MLA-STREAMING_MEDIA_DEVICES,106421.0,106421.0,2023-01-28T15:18:34.000Z,2024-04-25T21:54:19.000Z,1402,https://articulo.mercadolibre.com.ar/MLA-1324463415-chromecast-google-ga03131-tv-hd-8gb-blanco-control--_JM,active
MLA1130305136,chromecast,Google Tv + Chromecast 4k Control De Voz 8gb Fuente 220v,new,MLA-STREAMING_MEDIA_DEVICES,138596.0,,2022-04-01T18:22:58.000Z,2024-04-20T12:00:11.000Z,526,https://articulo.mercadolibre.com.ar/MLA-1130305136-google-tv-chromecast-4k-control-de-voz-8gb-fuente-220v-_JM,active
MLA914384593,chromecast, Chromecast Google Tv 4k 8gb Blanco Control Remoto Voz,new,MLA-STREAMING_MEDIA_DEVICES,84000.0,,2021-04-01T20:19:52.000Z,2024-04-20T20:53:37.612Z,584,https://articulo.mercadolibre.com.ar/MLA-914384593-chromecast-google-tv-4k-8gb-blanco-control-remoto-voz-_JM,active
MLA1520868370,chromecast,Google Chromecast Con Google Tv 4.ª Generación 4k 8gb 2gb,new,MLA-STREAMING_MEDIA_DEVICES,83999.0,,2023-09-27T13:50:04.000Z,2024-04-19T19:24:11.000Z,109,https://articulo.mercadolibre.com.ar/MLA-1520868370-google-chromecast-con-google-tv-4-generacion-4k-8gb-2gb-_JM,active
MLA1188051901,chromecast,Google Chromecast With Google Tv De Voz 4k 8gb Snow ,new,MLA-STREAMING_MEDIA_DEVICES,84408.0,,2022-10-08T15:35:46.000Z,2024-04-25T15:54:10.000Z,15,https://articulo.mercadolibre.com.ar/MLA-1188051901-google-chromecast-with-google-tv-de-voz-4k-8gb-snow-_JM,active
MLA1131067350,chromecast,Google Chromecast 4 Control De Voz 4k 8gb En Caja Con Fuente,new,MLA-STREAMING_MEDIA_DEVICES,89999.1,99999.0,2022-04-06T22:00:39.000Z,2024-04-24T19:23:45.526Z,2496,https://articulo.mercadolibre.com.ar/MLA-1131067350-google-chromecast-4-control-de-voz-4k-8gb-en-caja-con-fuente-_JM,active
MLA1397345489,chromecast,Google Chromecast Con Google Tv Hd 4ta Generación,new,MLA-STREAMING_MEDIA_DEVICES,89900.0,,2023-11-29T21:46:31.000Z,2024-04-22T11:40:15.000Z,99,https://articulo.mercadolibre.com.ar/MLA-1397345489-google-chromecast-con-google-tv-hd-4ta-generacion-_JM,active
MLA1389005159,chromecast,Chromecast Google Tv Hd 8gb 2gb Ram 60 4ta Gen Blanco,new,MLA-STREAMING_MEDIA_DEVICES,82354.05,82354.05,2023-09-20T17:07:06.000Z,2024-04-21T23:06:35.000Z,38,https://articulo.mercadolibre.com.ar/MLA-1389005159-chromecast-google-tv-hd-8gb-2gb-ram-60-4ta-gen-blanco-_JM,active
MLA1399316559,chromecast,Google Chromecast  3ra Generacion Full Hd Media Streaming,new,MLA-STREAMING_MEDIA_DEVICES,56999.0,56999.0,2023-12-18T18:19:13.000Z,2024-04-25T21:06:23.745Z,67,https://articulo.mercadolibre.com.ar/MLA-1399316559-google-chromecast-3ra-generacion-full-hd-media-streaming-_JM,active
